geo;municipi;pobl_total;edad_media
431016;Passanant i Belltall;324;57.85
431592;Vallfogona de Riucorb;196;57.35
250714;Cava;80;56.5
250978;Fulleda;184;56.28
250609;Cabanabona;130;56.28
430614;Forès;80;56.22
080930;Gisclareny;60;56.17
430751;Margalef;216;55.9
250450;Bausen;120;55.53
250984;Gavet de la Conca;524;54.95
430574;Febró, la;72;54.89
251538;Omellons, els;378;54.78
251961;Sant Esteve de la Sarga;248;54.72
250208;Almatret;606;54.61
431573;Ulldemolins;828;54.58
251288;Llimiana;264;54.42
251692;Pobla de Cérvoles, la;418;54.28
430705;Guiamets, els;512;54.25
251459;Nalec;178;54.04
250560;Bovera;506;54.04
430568;Fatarella, la;1712;54.0
251431;Montornès de Segarra;176;53.89
252017;Sarroca de Bellera;228;53.7
259046;Castell de Mur;350;53.65
251522;Oluges, les;330;53.56
080214;Bellprat;138;53.48
430995;Palma d'Ebre, la;670;53.21
430271;Bisbal de Montsant, la;414;53.14
259097;Vansa i Fórnols, la;378;53.09
430173;Argentera, l';258;53.06
251142;Ivorra;204;53.03
080958;Granera;166;52.98
259084;Fígols i Alinyà;488;52.97
252249;Torms, els;276;52.88
252385;Vallbona de les Monges;442;52.77
259062;Valls d'Aguilar, les;538;52.66
082016;Sant Boi de Lluçanès;1148;52.64
430419;Caseres;480;52.56
251364;Molsosa, la;210;52.53
250220;Alòs de Balaguer;236;52.53
251484;Odèn;462;52.49
259139;Riu de Cerdanya;198;52.37
430580;Figuera, la;246;52.33
251095;Guimerà;498;52.29
431439;Savallà del Comtat;96;52.29
430252;Benifallet;1448;52.2
250061;Albagés, l';686;52.06
430398;Capafonts;212;51.99
250557;Biosca;354;51.94
431251;Riba-roja d'Ebre;2252;51.94
252496;Vilanova de l'Aguda;390;51.94
430189;Arnes;926;51.92
251543;Omells de na Gaia, els;242;51.83
431541;Torroja del Priorat;274;51.78
430326;Bot;1104;51.7
081666;Pobla de Lillet, la;2214;51.7
252537;Vilosell, el;384;51.68
089019;Rupit i Pruit;562;51.62
251641;Penelles;870;51.52
251771;Preixens;780;51.44
251305;Maldà;478;51.44
170681;Foixà;582;51.27
250766;Cogul, el;324;51.26
171387;Portbou;2164;51.26
252555;Vinaixa;898;51.25
252069;Soleràs, el;634;51.2
251500;Oliola;390;51.14
250812;Espluga Calba, l';664;51.13
081901;Saldes;600;51.08
251116;Guixers;270;51.07
251706;Bellaguarda;590;51.06
251253;Llardecans;854;51.06
251039;Granyanella;280;51.05
250740;Ciutadilla;388;51.05
252228;Tiurana;134;51.04
170545;Colera;980;51.03
082418;Sant Sadurní d'Osormort;170;51.0
431021;Paüls;1086;51.0
082938;Vallcebre;544;51.0
430770;Mas de Barberans;1092;51.0
251057;Granyena de les Garrigues;328;50.95
170144;Vajol, la;196;50.94
080522;Castellar de n'Hug;328;50.93
251386;Montgai;1280;50.86
252271;Torre de Cabdella, la;1574;50.83
430691;Gratallops;464;50.82
250791;Cubells;684;50.76
250426;Baronia de Rialb, la;460;50.74
082802;Tavertet;262;50.72
250371;Avellanes i Santa Linya, les;860;50.57
250024;Àger;1216;50.53
259101;Josa i Tuixén;246;50.48
171925;Setcases;384;50.47
252000;Sarroca de Lleida;762;50.41
082994;Vilada;886;50.35
250175;Alins;550;50.33
251945;Sant Ramon;990;50.31
250156;Algerri;852;50.3
431212;Rasquera;1592;50.25
430672;Ginestar;1600;50.23
430688;Godall;1242;50.21
250616;Cabó;182;50.21
430350;Cabacés;602;50.18
080364;Calonge de Segarra;348;50.16
431763;Vimbodí i Poblet;1786;50.04
431153;Pradell de la Teixeta;356;50.03
250735;Cervià de les Garrigues;1280;49.79
431515;Torre de Fontaubella, la;238;49.73
430727;Lloar, el;200;49.73
171886;Selva de Mar, la;440;49.72
080804;Fígols;84;49.71
170558;Colomers;410;49.68
251919;Sanaüja;774;49.63
080240;Borredà;852;49.59
171122;Ogassa;436;49.59
171946;Susqueda;190;49.57
251001;Gósol;428;49.55
171024;Maçanet de Cabrenys;1550;49.55
259025;Sant Martí de Riucorb;1350;49.53
251155;Isona i Conca Dellà;2084;49.52
252424;Verdú;1770;49.52
430859;Molar, el;616;49.47
083036;Vilanova de Sau;634;49.47
431135;Pont d'Armentera, el;996;49.46
250621;Camarasa;1636;49.46
172348;Biure;450;49.46
170643;Espolla;824;49.45
431750;Vilalba dels Arcs;1228;49.45
250463;Belianes;1036;49.43
081424;Nou de Berguedà, la;326;49.42
171349;Planoles;612;49.39
430607;Flix;6646;49.39
250886;Estamariu;266;49.37
251121;Ivars de Noguera;638;49.36
080608;Castellfollit de Riubregós;302;49.35
251044;Granyena de Segarra;294;49.33
259031;Guingueta d'Àneu, la;566;49.32
080790;Estany, l';802;49.32
431107;Pobla de Massaluca, la;688;49.31
252213;Tírvia;288;49.31
080575;Castell de l'Areny;138;49.3
430733;Llorac;204;49.3
430712;Horta de Sant Joan;2314;49.28
250707;Castellserà;1984;49.28
250365;Aspa;438;49.27
259010;Vall de Cardós;762;49.22
250352;Sentiu de Sió, la;908;49.18
251667;Pinell de Solsonès;406;49.15
252265;Torrebesses;546;49.14
171772;Sant Pau de Segúries;1444;49.14
431129;Poboleda;666;49.12
252167;Talavera;570;49.12
082166;Sant Jaume de Frontanyà;52;49.12
171450;Ribes de Freser;3692;49.08
430081;Alfara de Carles;726;49.08
171707;Vallfogona de Ripollès;444;49.05
430461;Conesa;226;49.05
171061;Mollet de Peralada;430;49.05
250390;Baix Pallars;688;49.01
171169;Osor;844;48.97
430069;Aldover;1794;48.97
251180;Juncosa;778;48.96
430234;Bellmunt del Priorat;588;48.95
251804;Puiggròs;514;48.93
259059;Ribera d'Ondara;908;48.91
251575;Ossó de Sió;390;48.91
251765;Preixana;808;48.9
250851;Estaràs;324;48.83
250925;Floresta, la;328;48.8
252192;Tarroja de Segarra;344;48.8
430537;Duesaigües;446;48.79
259118;Plans de Sió, els;1042;48.79
431205;Querol;1190;48.77
431495;Tivenys;1874;48.76
250306;Pont de Bar, el;330;48.74
251615;Conca de Dalt;870;48.74
250637;Canejan;202;48.72
080168;Bagà;4362;48.72
250019;Abella de la Conca;322;48.71
430521;Xerta;2306;48.71
430629;Freginals;850;48.71
082687;Cercs;2386;48.7
251348;Menàrguens;1586;48.67
252458;Vilaller;1012;48.63
171766;Sant Mori;328;48.63
251333;Maials;1832;48.59
082573;Santa Maria de Miralles;274;48.57
250096;Albi, l';1528;48.57
170852;Jafre;774;48.56
251930;Sant Llorenç de Morunys;2000;48.56
170433;Queralbs;412;48.55
251235;Lladorre;508;48.55
251272;Lles de Cerdanya;576;48.49
251240;Lladurs;370;48.48
250143;Alfés;568;48.46
430458;Colldejou;322;48.46
431140;Porrera;834;48.44
082536;Santa Maria de Besora;328;48.43
170998;Meranges;222;48.41
430846;Miravet;1366;48.4
431687;Vilanova de Prades;220;48.4
082299;Sant Mateu de Bages;1274;48.38
430483;Corbera d'Ebre;2032;48.37
430635;Galera, la;1434;48.33
431303;Rocafort de Queralt;492;48.33
089030;Sant Julià de Cerdanyola;462;48.28
081332;Montmaneu;400;48.27
170600;Darnius;1098;48.26
080996;Guardiola de Berguedà;1902;48.22
170911;Llanars;1030;48.22
430653;Garcia;1080;48.21
430154;Arbolí;258;48.2
081764;Pujalt;424;48.11
251636;Coma i la Pedra, la;566;48.11
250772;Coll de Nargó;1166;48.1
431589;Vallclara;178;48.08
251556;Organyà;1618;48.07
081516;Oristà;1142;48.05
251410;Montoliu de Segarra;362;48.04
259078;Torrefeta i Florejacs;1216;48.04
431508;Tivissa;3248;48.02
430228;Batea;3762;47.95
171674;Sant Joan de les Abadesses;6746;47.94
171544;Sales de Llierca;314;47.89
250447;Bassella;420;47.88
251902;Salàs de Pallars;708;47.85
430402;Capçanes;852;47.79
082129;Sant Feliu Sasserra;1258;47.79
080478;Cardona;9132;47.79
251266;Llavorsí;672;47.74
170293;Boadella i les Escaules;520;47.73
431248;Riba, la;1136;47.72
251654;Peramola;698;47.71
172039;Ultramort;428;47.71
431068;Pinell de Brai, el;1950;47.7
251497;Oliana;3656;47.7
431166;Prades;1342;47.68
250674;Castelldans;1782;47.68
171714;Sant Llorenç de la Muga;516;47.66
251018;Granadella, la;1524;47.64
251977;Sant Guim de la Plana;390;47.63
250058;Alàs i Cerc;650;47.61
431476;Solivella;1254;47.61
430290;Blancafort;786;47.6
252477;Vilamòs;352;47.56
170391;Camprodon;5042;47.56
431188;Pratdip;1526;47.54
250292;Arbeca;4170;47.5
170372;Campelles;330;47.49
439060;Ampolla, l';7384;47.49
170366;Campdevànol;6500;47.41
080879;Gallifa;348;47.39
171077;Molló;746;47.36
431690;Vilaplana;1120;47.32
081445;Olvan;1820;47.32
252332;Torre-serona;880;47.32
171447;Regencós;558;47.3
252115;Sudanell;1794;47.29
170464;Castellfollit de la Roca;1894;47.29
430825;Masroig, el;960;47.28
431652;Vilabella;1450;47.27
081398;Mura;464;47.27
251399;Montellà i Martinet;1238;47.26
250479;Bellcaire d'Urgell;2452;47.22
251023;Granja d'Escarp, la;1882;47.19
430213;Barberà de la Conca;960;47.15
172272;Vilamaniscle;404;47.13
172174;Viladamat;984;47.12
172060;Urús;414;47.06
080497;Casserres;3350;47.03
431520;Torre de l'Espanyol, la;1260;47.01
251752;Prats i Sansor;508;46.98
082589;Santa Maria d'Oló;2156;46.97
250100;Alcanó;480;46.96
171334;Planes d'Hostoles, les;3496;46.91
171215;Palau-sator;610;46.91
171267;Parlavà;858;46.87
250328;Arsèguel;156;46.87
171058;Mieres;696;46.87
250899;Farrera;256;46.86
081496;Olost;2426;46.86
170926;Llançà;10096;46.86
252483;Vilanova de Bellpuig;2336;46.82
171289;Pau;1180;46.8
171404;Port de la Selva, el;2116;46.8
171100;Mont-ras;3382;46.76
170519;Cistella;588;46.76
170139;Begur;8454;46.75
250241;Alt Àneu;914;46.74
252022;Senterada;314;46.73
431747;Vilella Baixa, la;412;46.72
081705;Prats de Rei, els;1108;46.71
170708;Fontanilles;336;46.67
250827;Espot;758;46.67
171254;Pardines;322;46.66
171978;Torrent;348;46.66
251137;Ivars d'Urgell;3182;46.63
430192;Ascó;3218;46.56
250693;Castelló de Farfanya;1086;46.56
171848;Santa Pau;3220;46.56
431042;Perelló, el;5866;46.54
251291;Llobera;416;46.54
081688;Pontons;1036;46.53
252234;Torà;2506;46.51
082423;Marganell;620;46.5
430496;Cornudella de Montsant;2066;46.49
080180;Balsareny;6650;46.48
081287;Monistrol de Calders;1524;46.44
430666;Garidells, els;408;46.43
430799;Masllorenç;1134;46.42
171959;Tallada d'Empordà, la;952;46.42
080044;Alpens;540;46.41
170353;Camós;1426;46.4
252206;Térmens;2688;46.4
081859;Rubió;480;46.38
082378;Sant Quirze de Besora;4254;46.38
251689;Poal, el;1304;46.37
081751;Puig-reig;8964;46.34
430136;Ametlla de Mar, l';14694;46.34
082779;Talamanca;424;46.34
430017;Aiguamúrcia;1930;46.33
431649;Vespella de Gaià;1008;46.32
251863;Riner;528;46.31
170806;Gombrèn;394;46.3
171241;Pals;5166;46.3
251790;Prullans;504;46.28
172240;Vilallonga de Ter;790;46.28
082541;Esquirol, l';4550;46.27
431779;Vinebre;852;46.24
250523;Bellvís;4502;46.23
251312;Massalcoreig;1152;46.19
081043;Llacuna, la;1968;46.18
251713;Pobla de Segur, la;6086;46.17
172116;Verges;2360;46.17
439023;Sant Jaume d'Enveja;7342;46.15
172001;Tortellà;1656;46.15
250576;Bòrdes, Es;562;46.14
259123;Gimenells i el Pla de la Font;2190;46.13
171306;Pera, la;904;46.12
081712;Prats de Lluçanès;5392;46.11
250946;Foradada;400;46.1
172327;Vilopriu;426;46.1
171833;Sant Aniol de Finestres;744;46.09
179011;Cruïlles, Monells i Sant Sadurní de l'Heura;2646;46.05
250498;Bellmunt d'Urgell;366;46.04
172057;Ullastret;532;46.04
430918;Mont-ral;370;46.02
430960;Morera de Montsant, la;288;46.02
170694;Fontanals de Cerdanya;1062;46.02
171595;Sant Feliu de Buixalleu;1756;46.0
430803;Masó, la;576;46.0
250680;Castellnou de Seana;1456;45.98
431418;Pontils;246;45.95
081918;Sallent;13864;45.91
439039;Camarles;6856;45.91
250411;Barbens;1816;45.89
250215;Almenar;6642;45.89
252252;Tornabous;1684;45.89
170427;Capmany;1382;45.88
171365;Pontós;578;45.87
250138;Alfarràs;5518;45.86
081770;Quar, la;88;45.86
080924;Gironella;10144;45.83
431732;Vilella Alta, la;260;45.82
170828;Guils de Cerdanya;1136;45.81
083089;Viver i Serrateix;346;45.8
430265;Benissanet;2384;45.8
250334;Artesa de Lleida;3072;45.78
252347;Tremp;12112;45.76
431172;Prat de Comte;376;45.73
431362;Ràpita, la;31604;45.73
430786;Masdenverge;2298;45.69
251673;Pinós;554;45.68
431460;Senan;92;45.67
080484;Carme;1638;45.66
430542;Espluga de Francolí, l';7700;45.63
171899;Cellera de Ter, la;4026;45.61
082233;Sant Llorenç Savall;5160;45.59
080060;Arenys de Mar;33026;45.59
080142;Aiguafreda;5164;45.58
170622;Escala, l';21260;45.58
170656;Esponellà;876;45.57
082251;Sant Martí d'Albars;280;45.56
252542;Vilanova de la Barca;2200;45.56
080787;Espunyola, l';526;45.54
081379;Montseny;758;45.54
170412;Cantallops;692;45.51
179026;Forallac;3522;45.5
430593;Figuerola del Camp;692;45.5
082286;Sant Martí Sesgueioles;720;45.49
170577;Corçà;2564;45.49
081402;Navarcles;12316;45.48
081304;Montclar;264;45.48
252304;Torregrossa;4454;45.45
170280;Brunyola i Sant Martí Sapresa;786;45.45
081326;Montmajor;948;45.44
250169;Alguaire;5984;45.43
430764;Marçà;1198;45.42
081607;Perafita;876;45.42
171479;Ripoll;21546;45.41
170274;Breda;7834;45.4
170078;Amer;4842;45.33
431671;Vilanova d'Escornalbou;1222;45.3
080403;Canet de Mar;30270;45.29
082747;Súria;12144;45.28
080641;Castellterçol;5532;45.28
171851;Sant Joan les Fonts;6206;45.26
170101;Argelaguer;902;45.25
251811;Puigverd d'Agramunt;494;45.25
171432;Rabós;478;45.25
250313;Arres;126;45.24
081347;Figaró-Montmany;2380;45.22
080594;Castellfollit del Boix;920;45.22
431325;Rodonyà;1044;45.21
430094;Alforja;4054;45.21
171655;Sant Jaume de Llierca;1702;45.2
251462;Navès;604;45.18
430509;Creixell;8338;45.17
171870;Saus, Camallera i Llampaies;1816;45.16
080850;Font-rubí;2864;45.15
250273;Anglesola;2740;45.13
439018;Deltebre;23882;45.13
080116;Avià;4484;45.09
250083;Albesa;3142;45.08
170182;Bellcaire d'Empordà;1474;45.06
080229;Berga;34390;45.05
171962;Terrades;684;45.04
430445;Sénia, la;11236;45.0
080327;Caldes d'Estrac;6482;44.99
081108;Malgrat de Mar;38540;44.99
170932;Llers;2524;44.97
171181;Palamós;37238;44.92
081897;Sant Pere Sallavinera;316;44.91
252398;Valls de Valira, les;1620;44.91
080847;Fonollosa;3168;44.89
430043;Alcanar;19742;44.89
170767;Garrigoles;372;44.89
430748;Llorenç del Penedès;4844;44.88
252509;Vilanova de Meià;924;44.87
082975;Veciana;350;44.87
170329;Cadaqués;5788;44.87
250045;Alamús, els;1598;44.87
431726;Vilaverd;940;44.86
171518;Riumors;528;44.86
080771;Esplugues de Llobregat;95400;44.85
251749;Portella, la;1446;44.85
430555;Falset;5750;44.84
251425;Montoliu de Lleida;954;44.83
170046;Albons;1656;44.82
170979;Madremanya;576;44.82
252120;Sunyer;612;44.79
170849;Isòvol;660;44.79
081635;Pineda de Mar;58830;44.78
250518;Bellver de Cerdanya;4532;44.75
081115;Malla;548;44.75
170963;Llosses, les;398;44.71
170160;Bàscara;2110;44.71
081419;Navàs;12366;44.7
171236;Palol de Revardit;934;44.65
080351;Calella;40414;44.63
170617;Das;540;44.63
172023;Tossa de Mar;12482;44.62
430831;Milà, el;394;44.62
082732;Subirats;6574;44.62
080137;Avinyonet del Penedès;3490;44.6
170340;Calonge i Sant Antoni;24406;44.58
082359;Sant Pol de Mar;11620;44.56
170195;Besalú;5154;44.56
171352;Pont de Molins;1144;44.56
170583;Crespià;502;44.54
172109;Ventalló;1782;44.52
251728;Ponts;5340;44.5
431384;Santa Bàrbara;7638;44.49
081727;Premià de Mar;57856;44.46
080121;Avinyó;4622;44.45
081167;Masies de Roda, les;1498;44.42
172207;Viladrau;2350;44.41
082704;Sitges;64992;44.39
430347;Bràfim;1394;44.38
250432;Vall de Boí, la;2238;44.38
081189;Masnou, el;48888;44.36
430640;Gandesa;6320;44.34
251850;Ribera d'Urgellet;1920;44.34
252311;Torrelameu;1598;44.34
082093;Sant Fost de Campsentelles;18392;44.3
170405;Canet d'Adri;1488;44.3
430516;Cunit;31500;44.28
082191;Vilassar de Mar;42338;44.27
431423;Sarral;3176;44.26
172076;Vall d'en Bas, la;6442;44.26
252094;Sort;4516;44.26
171292;Pedret i Marzà;376;44.26
250349;Artesa de Segre;7038;44.25
170813;Gualta;856;44.23
170307;Cabanes;1950;44.23
250962;Fuliola, la;2498;44.23
082665;Cerdanyola del Vallès;115662;44.21
431310;Roda de Berà;16054;44.21
251734;Pont de Suert, el;4830;44.21
082331;Sant Pere de Torelló;5192;44.2
081350;Montmeló;17774;44.2
171642;Sant Hilari Sacalm;11938;44.19
083073;Vilanova i la Geltrú;140586;44.19
170010;Agullana;1820;44.17
089045;Badia del Vallès;26218;44.17
082140;Vilassar de Dalt;18598;44.16
172288;Vilanant;804;44.16
252043;Seròs;3780;44.15
170524;Siurana;354;44.15
251832;Rialp;1326;44.15
172168;Viladasens;424;44.14
252326;Torres de Segre;4536;44.13
431536;Torredembarra;35906;44.13
171910;Serra de Daró;462;44.12
251924;Sant Guim de Freixenet;2428;44.06
251403;Montferrer i Castellbò;2326;44.06
082922;Vallbona d'Anoia;2810;44.05
082726;Sora;438;44.05
251193;Juneda;7046;44.05
431567;Ulldecona;13196;44.04
170985;Maià de Montcal;976;44.02
080446;Capellades;11116;44.02
170789;Ger;988;44.01
080193;Barcelona;3372416;44.0
251351;Miralcamp;2778;44.0
252038;Seu d'Urgell, la;25518;44.0
080673;Centelles;15542;43.98
089058;Palma de Cervelló, la;6096;43.97
171328;Peralada;4094;43.96
431359;Salomó;1060;43.96
430944;Móra la Nova;6618;43.95
430862;Montblanc;15078;43.95
082325;Sant Pere de Riudebitlles;4990;43.94
080039;Alella;20400;43.94
082690;Seva;7602;43.91
250595;Bossòst;2288;43.9
430939;Móra d'Ebre;11478;43.9
080826;Fogars de la Selva;3356;43.9
170754;Garrigàs;940;43.89
431397;Santa Coloma de Queralt;5646;43.89
430379;Calafell;63134;43.89
250387;Aitona;5150;43.89
251229;Linyola;5474;43.88
170314;Cabanelles;560;43.88
251569;Os de Balaguer;2144;43.87
081786;Rajadell;1188;43.86
170773;Garriguella;1934;43.86
430022;Albinyana;5356;43.85
172142;Vilabertran;1974;43.83
431074;Pira;998;43.82
171194;Palau de Santa Eulàlia;272;43.8
081094;Lluçà;578;43.8
080654;Castellví de la Marca;3428;43.79
431080;Pla de Santa Maria, el;4782;43.78
081957;Sant Agustí de Lluçanès;216;43.75
250485;Bell-lloc d'Urgell;4694;43.75
251581;Palau d'Anglesola, el;4400;43.75
171609;Sant Feliu de Guíxols;45868;43.74
252516;Vilanova de Segrià;2114;43.74
430287;Bisbal del Penedès, la;8366;43.74
170237;Blanes;83870;43.73
082649;Sant Vicenç de Montalt;13450;43.72
081154;Martorelles;9968;43.7
250788;Corbins;2966;43.7
250870;Esterri de Cardós;126;43.7
250582;Borges Blanques, les;12680;43.69
082188;Sant Joan de Vilatorrada;21944;43.67
082750;Tavèrnoles;682;43.67
082460;Santa Eugènia de Berga;4600;43.67
170947;Llívia;3122;43.63
172121;Vidrà;338;43.57
082652;Sant Vicenç de Torelló;4180;43.56
250931;Fondarella;1614;43.56
080734;Cornellà de Llobregat;182392;43.55
170561;Cornellà del Terri;4788;43.55
082114;Sant Feliu de Llobregat;92762;43.53
081056;Llagosta, la;26140;43.52
170502;Cervià de Ter;1994;43.51
171096;Montagut i Oix;2004;43.51
170486;Castell d'Aro, Platja d'Aro i s'Agaró;25546;43.5
081691;Prat de Llobregat, el;131820;43.5
080667;Castellví de Rosanes;4196;43.49
081081;Lliçà de Vall;13716;43.48
172266;Vilamalla;2440;43.45
171208;Palau-saverdera;2996;43.44
082009;Sant Boi de Llobregat;169176;43.42
172235;Vilajuïga;2366;43.42
252189;Tarrés;250;43.4
082819;Teià;13624;43.4
082785;Taradell;13656;43.39
082205;Sant Julià de Vilatorta;6600;43.39
081228;Mediona;5264;43.39
170904;Llambilles;1456;43.38
080749;Cubelles;34600;43.37
082270;Sant Martí Sarroca;6770;43.37
431286;Riudecols;2496;43.36
170242;Bolvir;994;43.35
080706;Collsuspina;780;43.35
082303;Premià de Dalt;21148;43.34
083041;Vilobí del Penedès;2298;43.33
431704;Vila-rodona;2758;43.31
250194;Almacelles;14062;43.31
172229;Vilaür;340;43.28
081311;Montesquiu;2190;43.28
171002;Masarac i Vilarnadal;592;43.27
431346;Rourell, el;806;43.27
170118;Armentera, l';2140;43.27
080581;Castellet i la Gornal;5330;43.26
431055;Piles, les;460;43.25
172082;Vall de Bianya, la;2694;43.24
080348;Calders;2228;43.24
081542;Pacs del Penedès;1886;43.24
080023;Aguilar de Segarra;582;43.23
251826;Puigverd de Lleida;2834;43.22
081173;Masies de Voltregà, les;6584;43.22
170741;Fortià;1602;43.21
081385;Moià;13430;43.21
431554;Tortosa;71026;43.2
171740;Sant Miquel de Campmajor;500;43.19
172214;Vilafant;11392;43.19
081976;Sant Andreu de Llavaneres;23884;43.18
430108;Alió;1012;43.18
082858;Torelló;30214;43.18
250642;Castellar de la Ribera;288;43.17
080333;Caldes de Montbui;36668;43.17
431114;Pobla de Montornès, la;6714;43.17
170715;Fontcoberta;3002;43.16
250030;Agramunt;11184;43.16
171997;Torroella de Montgrí;24842;43.15
430901;Montmell, el;3832;43.15
080076;Arenys de Munt;18888;43.15
431634;Vendrell, el;81052;43.14
082628;Sant Vicenç de Castellet;20262;43.14
081022;Igualada;83510;43.13
430115;Almoster;2676;43.13
082439;Santa Cecília de Voltregà;384;43.13
081249;Mollet del Vallès;104090;43.12
172180;Vilademuls;1730;43.12
430923;Mont-roig del Camp;28370;43.1
080174;Balenyà;7998;43.1
439044;Aldea, l';9108;43.1
171680;Sant Joan de Mollet;1052;43.08
080095;Argentona;25700;43.07
080291;Cabrera de Mar;10028;43.06
080538;Castellbell i el Vilar;8260;43.04
170255;Bordils;3602;43.04
TOTAL;Catalunya;16024462;43.03
252402;Vallfogona de Balaguer;4032;43.03
430120;Altafulla;11618;43.02
082592;Santa Maria de Palautordera;19988;43.01
081136;Manresa;159474;43.01
082830;Tona;16998;43.0
080961;Granollers;127794;42.99
082567;Santa Maria de Martorelles;1744;42.97
171735;Sant Martí Vell;524;42.97
081923;Santpedor;15414;42.97
081995;Sant Bartomeu del Grau;1878;42.97
082495;Santa Fe del Penedès;720;42.96
080155;Badalona;452438;42.95
430304;Bonastre;1524;42.94
170675;Flaçà;2290;42.93
252108;Soses;3740;42.93
171812;Santa Cristina d'Aro;11666;42.91
252521;Vila-sana;1488;42.91
172137;Vidreres;17310;42.9
431613;Valls;50170;42.89
171984;Torroella de Fluvià;1540;42.89
080898;Gavà;95922;42.88
171371;Porqueres;9564;42.88
080109;Artés;12102;42.87
082401;Sant Sadurní d'Anoia;25830;42.87
250254;Naut Aran;3792;42.85
080312;Calaf;7190;42.84
081069;Llinars del Vallès;21398;42.83
081271;Monistrol de Montserrat;6376;42.83
250501;Bellpuig;10492;42.82
431299;Riudoms;13908;42.81
170059;Far d'Empordà, el;1252;42.8
082861;Torre de Claramunt, la;8230;42.8
082172;Sant Joan Despí;70024;42.79
082457;Santa Coloma de Gramenet;241806;42.78
171156;Ordis;792;42.78
171523;Roses;40510;42.77
080517;Castellar del Vallès;50602;42.77
252075;Solsona;18786;42.77
170097;Arbúcies;13110;42.76
080386;Callús;4302;42.74
082520;Barberà del Vallès;67288;42.73
171117;Navata;2932;42.71
170638;Espinelves;508;42.7
082877;Torrelavit;3018;42.69
081017;Hospitalet de Llobregat, l';564598;42.69
171501;Riudellots de la Selva;4256;42.68
081568;Palau-solità i Plegamans;30888;42.68
251207;Lleida;289756;42.67
170062;Alp;3454;42.67
081038;Jorba;1654;42.67
171539;Rupià;658;42.67
081234;Molins de Rei;53860;42.66
082634;Sant Vicenç dels Horts;57190;42.66
250997;Golmés;3826;42.65
430056;Alcover;10668;42.65
251214;Les;2062;42.64
082080;Sant Esteve Sesrovires;16078;42.63
171753;Sant Miquel de Fluvià;1680;42.63
172333;Vilobí d'Onyar;6608;42.63
081878;Sabadell;443128;42.62
080765;Esparreguera;44998;42.62
082153;Sant Hipòlit de Voltregà;7368;42.62
431482;Tarragona;282036;42.62
080885;Garriga, la;34554;42.62
082068;Sant Cugat Sesgarrigues;2056;42.61
082021;Sant Celoni;37416;42.61
080832;Folgueroles;4524;42.61
080370;Calldetenes;5380;42.61
171485;Riudarenes;4888;42.6
172018;Toses;384;42.59
252430;Vielha e Mijaran;11586;42.58
083008;Viladecavalls;15580;42.57
080431;Canyelles;10720;42.56
171390;Preses, les;3848;42.55
081213;Mataró;261774;42.55
430311;Borges del Camp, les;4512;42.55
081810;Roca del Vallès, la;21912;42.53
081593;Parets del Vallès;37758;42.53
171668;Sant Jordi Desvalls;1734;42.52
172095;Vall-llobrega;1824;42.52
170084;Anglès;11830;42.52
080615;Castellgalí;4678;42.51
080689;Cervelló;19266;42.51
431331;Roquetes;16748;42.51
171616;Sant Feliu de Pallerols;3340;42.5
080983;Sant Salvador de Guardiola;6956;42.48
171143;Olot;77672;42.48
080902;Gaià;356;42.47
081075;Lliçà d'Amunt;32450;42.46
083015;Viladecans;134358;42.46
170031;Albanyà;334;42.46
252056;Sidamon;1538;42.44
431628;Vandellòs i l'Hospitalet de l'Infant;14164;42.44
430206;Banyeres del Penedès;6680;42.43
081580;Papiol, el;8716;42.41
171030;Maçanet de la Selva;15944;42.4
082883;Torrelles de Foix;5324;42.39
171463;Riells i Viabrea;8994;42.38
080288;Cabrera d'Anoia;3424;42.34
083054;Vilafranca del Penedès;83082;42.33
430385;Cambrils;73372;42.32
081000;Gurb;5422;42.31
082397;Sant Quirze Safaja;1342;42.29
430363;Cabra del Camp;2650;42.27
430075;Aleixar, l';1960;42.27
080713;Copons;704;42.27
081509;Orís;698;42.26
430897;Montferri;946;42.26
430332;Botarell;2340;42.25
082763;Tagamanent;678;42.25
431401;Santa Oliva;7358;42.24
082346;Sant Pere de Vilamajor;9846;42.23
170887;Lladó;1656;42.23
081574;Pallejà;23622;42.23
430141;Amposta;45246;42.23
082482;Santa Eulàlia de Ronçana;15832;42.23
431457;Selva del Camp, la;11678;42.22
170470;Castelló d'Empúries;24264;42.21
080425;Cànoves i Samalús;6618;42.21
082824;Tiana;18646;42.2
082037;Sant Cebrià de Vallalta;7624;42.2
081461;Olesa de Bonesvalls;4184;42.2
250753;Clariana de Cardener;320;42.2
081825;Pont de Vilomara i Rocafort, el;8278;42.2
082956;Vallirana;31904;42.18
081458;Olèrdola;7876;42.18
082845;Tordera;37590;42.16
252154;Talarn;1082;42.16
080500;Castellar del Riu;326;42.16
171175;Palafrugell;48490;42.16
171903;Serinyà;2392;42.16
430424;Castellvell del Camp;5982;42.14
431378;Sant Jaume dels Domenys;5612;42.14
080556;Castellcir;1556;42.1
081653;Pobla de Claramunt, la;4712;42.09
170268;Borrassà;1548;42.09
080399;Campins;1218;42.09
080462;Cardedeu;38182;42.08
081884;Sagàs;308;42.08
082227;Sant Llorenç d'Hortons;5234;42.07
080235;Bigues i Riells del Fai;20070;42.06
082310;Sant Pere de Ribes;64012;42.06
170335;Caldes de Malavella;16890;42.04
080305;Cabrils;15528;42.03
250539;Benavent de Segrià;3142;42.03
431233;Reus;219922;42.02
082107;Sant Feliu de Codines;13248;42.01
081799;Rellinars;1840;42.0
171621;Sant Ferriol;472;42.0
081430;Òdena;7390;41.99
082384;Sant Quirze del Vallès;40220;41.98
080811;Fogars de Montclús;1006;41.98
431606;Vallmoll;3874;41.98
080728;Corbera de Llobregat;31566;41.98
250404;Balaguer;35194;41.97
170834;Hostalric;8886;41.96
081290;Muntanyola;1424;41.96
081265;Montgat;25292;41.94
083020;Vilanova del Camí;25706;41.94
171582;Sant Climent Sescebes;1350;41.93
171788;Sant Pere Pescador;4414;41.92
081982;Sant Antoni de Vilamajor;13308;41.92
080569;Castelldefels;138392;41.92
082264;Sant Martí de Tous;2546;41.92
081939;Sant Iscle de Vallalta;2926;41.91
082798;Terrassa;456588;41.88
081141;Martorell;56966;41.86
179032;Sant Julià del Llor i Bonmatí;2774;41.84
082606;Santa Perpètua de Mogoda;51872;41.84
172253;Vilamacolum;746;41.82
171019;Massanes;1686;41.81
081477;Olesa de Montserrat;49406;41.8
081960;Sant Andreu de la Barca;54078;41.8
080459;Capolat;184;41.78
082248;Sant Martí de Centelles;2520;41.76
081614;Piera;35120;41.76
081537;Òrrius;1612;41.75
082135;Sant Fruitós de Bages;18450;41.74
080018;Abrera;25962;41.73
250864;Esterri d'Àneu;1840;41.73
081640;Pla del Penedès, el;2704;41.71
430249;Bellvei;4818;41.71
250729;Cervera;19106;41.7
080253;Bruc, el;4586;41.68
171498;Riudaura;1056;41.68
252081;Soriguera;894;41.68
170209;Bescanó;10244;41.68
080082;Argençola;482;41.68
080057;Ametlla del Vallès, l';18896;41.67
171864;Sarrià de Ter;10756;41.66
082362;Sant Quintí de Mediona;5022;41.64
431270;Riudecanyes;2718;41.63
080945;Granada, la;4526;41.63
170025;Aiguaviva;1600;41.58
251517;Olius;2006;41.58
081846;Rubí;163046;41.58
080692;Collbató;9694;41.57
082613;Santa Susanna;7998;41.56
439076;Canonja, la;11872;41.53
081944;Sant Adrià de Besòs;77344;41.53
170157;Banyoles;41414;41.53
082444;Santa Coloma de Cervelló;16668;41.52
081831;Roda de Ter;13766;41.52
080919;Gelida;16156;41.49
170890;Llagostera;18972;41.47
081206;Matadepera;19726;41.43
170950;Lloret de Mar;84268;41.43
171411;Puigcerdà;20082;41.42
170221;Bisbal d'Empordà, la;23274;41.4
082508;Santa Margarida de Montbui;21038;41.39
081120;Manlleu;42582;41.38
431785;Vinyols i els Arcs;4850;41.38
081803;Ripollet;78860;41.37
082969;Vallromanes;5498;41.37
171805;Santa Coloma de Farners;27748;41.35
080266;Brull, el;586;41.34
081555;Palafolls;19866;41.34
431444;Secuita, la;3656;41.32
081363;Montornès del Vallès;34078;41.32
171729;Sant Martí de Llémena;1410;41.31
082896;Torrelles de Llobregat;12272;41.3
081252;Montcada i Reixac;74192;41.29
170448;Cassà de la Selva;21882;41.29
171576;Sant Andreu Salou;346;41.25
251898;Rosselló;6706;41.25
081192;Masquefa;20040;41.24
080207;Begues;14878;41.24
082042;Sant Climent de Llobregat;8362;41.24
171931;Sils;13412;41.21
080977;Gualba;3486;41.15
430430;Catllar, el;10430;41.15
083067;Vilalba Sasserra;1560;41.1
250236;Alpicat;12932;41.07
082671;Sentmenat;19046;41.03
080752;Dosrius;12304;41.02
080636;Castellolí;1318;40.99
439057;Salou;60884;40.98
170736;Fornells de la Selva;5560;40.94
082212;Sant Just Desvern;41630;40.91
170792;Girona;212952;40.83
081521;Orpí;358;40.83
080543;Castellbisbal;25930;40.83
252173;Tàrrega;37140;40.77
251327;Massoteres;424;40.76
430167;Arboç, l';11490;40.72
172305;Vila-sacra;1630;40.72
081483;Olivella;8904;40.66
080863;Franqueses del Vallès, les;41334;40.65
082074;Sant Esteve de Palautordera;6162;40.64
430884;Montbrió del Camp;6274;40.62
430982;Nulles;1114;40.62
082515;Santa Margarida i els Monjos;15436;40.6
080620;Castellnou de Bages;2860;40.59
250077;Albatàrrec;4494;40.58
171637;Sant Gregori;8488;40.57
170871;Juià;690;40.54
430976;Nou de Gaià, la;1222;40.51
170123;Avinyonet de Puigventós;3378;40.48
081748;Puigdàlber;1258;40.48
171693;Sant Julià de Ramis;7278;40.47
080410;Canovelles;34528;40.45
089024;Vilanova del Vallès;11288;40.45
170216;Beuda;410;40.43
082476;Santa Eulàlia de Riuprimer;2972;40.42
431191;Puigpelat;2416;40.41
431711;Vila-seca;48122;40.41
082943;Vallgorguina;6406;40.35
431264;Riera de Gaià, la;3612;40.35
082981;Vic;98666;40.32
251370;Mollerussa;31360;40.32
081629;Hostalets de Pierola, els;6464;40.3
170669;Figueres;97340;40.23
170388;Campllong;1088;40.22
250122;Alcoletge;7242;40.19
082711;Sobremunt;202;40.18
252445;Vilagrassa;1266;40.14
082554;Santa Maria de Merlès;350;40.13
171827;Santa Llogaia d'Àlguema;800;40.08
080272;Cabanyes, les;2022;40.03
082055;Sant Cugat del Vallès;197298;39.97
430957;Morell, el;7702;39.92
430810;Maspujols;1786;39.8
170865;Jonquera, la;6722;39.74
172044;Ullà;2442;39.73
250117;Alcarràs;20434;39.69
082900;Ullastrell;4358;39.67
172155;Vilablareix;7544;39.58
252287;Torrefarrera;9808;39.58
430477;Constantí;13842;39.56
431665;Vilallonga del Camp;4924;39.53
431009;Pallaresos, els;10036;39.51
082917;Vacarisses;15098;39.5
081672;Polinyà;17118;39.36
430038;Albiol, l';1076;39.22
431037;Perafort;2638;39.12
171426;Quart;8198;39.04
170499;Celrà;11106;38.32
431227;Renau;316;37.87
251109;Guissona;15172;37.5
171557;Salt;67892;37.42
431093;Pobla de Mafumet, la;8254;36.05
